timestamp,sensor_distance,sensor_accel,sensor_photo,sensor_light,from_room,to_room,event_label,count_K,count_E,count_I,count_O
2026-04-23T22:54:36,251,307,309,303,,,passage_only,0,0,0,0
2026-04-23T22:54:36,240,308,305,304,,,idle,0,0,0,0
2026-04-23T22:54:36,239,308,301,283,,,idle,0,0,0,0
2026-04-23T22:54:36,251,308,294,250,,,idle,0,0,0,0
2026-04-23T22:54:36,243,308,292,237,,,idle,0,0,0,0
2026-04-23T22:54:36,246,308,297,247,,,idle,0,0,0,0
2026-04-23T22:54:36,243,308,301,264,,,idle,0,0,0,0
2026-04-23T22:54:36,251,307,309,303,,,idle,0,0,0,0
2026-04-23T22:54:36,246,308,327,372,,,idle,0,0,0,0
2026-04-23T22:54:36,258,309,321,363,,,idle,0,0,0,0
2026-04-23T22:54:36,246,309,319,365,,,idle,0,0,0,0
2026-04-23T22:54:36,247,308,318,359,,,idle,0,0,0,0
2026-04-23T22:54:36,250,309,314,348,,,idle,0,0,0,0
2026-04-23T22:54:36,243,308,309,326,,,idle,0,0,0,0
2026-04-23T22:54:36,242,308,306,313,,,idle,0,0,0,0
2026-04-23T22:54:36,246,308,304,304,,,idle,0,0,0,0
2026-04-23T22:54:36,246,308,299,276,,,idle,0,0,0,0
2026-04-23T22:54:36,247,307,293,245,,,idle,0,0,0,0
2026-04-23T22:54:36,235,308,293,238,,,idle,0,0,0,0
2026-04-23T22:54:37,242,308,298,251,,,idle,0,0,0,0
2026-04-23T22:54:37,246,307,303,274,,,idle,0,0,0,0
2026-04-23T22:54:37,246,308,312,316,,,idle,0,0,0,0
2026-04-23T22:54:37,242,308,319,353,,,idle,0,0,0,0
2026-04-23T22:54:37,238,309,318,354,,,idle,0,0,0,0
2026-04-23T22:54:37,233,308,317,355,,,idle,0,0,0,0
2026-04-23T22:54:37,234,308,318,359,,,idle,0,0,0,0
2026-04-23T22:54:37,247,308,315,350,,,idle,0,0,0,0
2026-04-23T22:54:37,250,308,311,336,,,idle,0,0,0,0
2026-04-23T22:54:37,251,307,306,316,,,idle,0,0,0,0
2026-04-23T22:54:37,240,309,304,306,,,idle,0,0,0,0
2026-04-23T22:54:38,238,308,302,289,,,idle,0,0,0,0
2026-04-23T22:54:38,241,308,295,255,,,idle,0,0,0,0
2026-04-23T22:54:38,250,308,291,235,,,idle,0,0,0,0
2026-04-23T22:54:38,238,309,295,244,,,idle,0,0,0,0
2026-04-23T22:54:38,238,308,300,259,,,idle,0,0,0,0
2026-04-23T22:54:38,250,308,309,298,,,idle,0,0,0,0
2026-04-23T22:54:38,242,308,318,340,,,idle,0,0,0,0
2026-04-23T22:54:38,247,307,319,355,,,idle,0,0,0,0
2026-04-23T22:54:38,243,308,316,351,,,idle,0,0,0,0
2026-04-23T22:54:38,244,309,318,360,,,idle,0,0,0,0
2026-04-23T22:54:39,243,308,316,352,,,idle,0,0,0,0
2026-04-23T22:54:39,243,307,313,344,,,idle,0,0,0,0
2026-04-23T22:54:39,247,307,307,322,,,idle,0,0,0,0
2026-04-23T22:54:39,242,308,305,310,,,idle,0,0,0,0
2026-04-23T22:54:39,242,307,303,302,,,idle,0,0,0,0
2026-04-23T22:54:39,254,308,297,268,,,idle,0,0,0,0
2026-04-23T22:54:39,245,308,291,239,,,idle,0,0,0,0
2026-04-23T22:54:39,234,308,293,239,,,idle,0,0,0,0
2026-04-23T22:54:39,246,308,298,254,,,idle,0,0,0,0
2026-04-23T22:54:39,243,307,304,282,,,idle,0,0,0,0
2026-04-23T22:54:40,251,308,315,327,,,idle,0,0,0,0
2026-04-23T22:54:40,246,308,320,353,,,idle,0,0,0,0
2026-04-23T22:54:40,235,308,318,352,,,idle,0,0,0,0
2026-04-23T22:54:40,242,308,318,355,,,idle,0,0,0,0
2026-04-23T22:54:40,239,308,317,356,,,idle,0,0,0,0
2026-04-23T22:54:40,252,307,313,345,,,idle,0,0,0,0
2026-04-23T22:54:40,243,308,309,326,,,idle,0,0,0,0
2026-04-23T22:54:40,242,308,306,312,,,idle,0,0,0,0
2026-04-23T22:54:40,250,308,304,303,,,idle,0,0,0,0
2026-04-23T22:54:40,250,307,299,280,,,idle,0,0,0,0
2026-04-23T22:54:41,250,308,293,248,,,idle,0,0,0,0
2026-04-23T22:54:41,246,308,292,238,,,idle,0,0,0,0
2026-04-23T22:54:41,234,308,297,250,,,idle,0,0,0,0
2026-04-23T22:54:41,249,307,302,271,,,idle,0,0,0,0
2026-04-23T22:54:41,242,309,311,312,,,idle,0,0,0,0
2026-04-23T22:54:41,254,309,320,352,,,idle,0,0,0,0
2026-04-23T22:54:41,250,308,318,354,,,idle,0,0,0,0
2026-04-23T22:54:41,246,308,316,354,,,idle,0,0,0,0
2026-04-23T22:54:41,243,308,317,359,,,idle,0,0,0,0
2026-04-23T22:54:41,242,308,314,350,,,idle,0,0,0,0
2026-04-23T22:54:42,241,308,312,338,,,idle,0,0,0,0
2026-04-23T22:54:42,242,308,307,317,,,idle,0,0,0,0
2026-04-23T22:54:42,246,308,305,306,,,idle,0,0,0,0
2026-04-23T22:54:42,246,308,302,292,,,idle,0,0,0,0
2026-04-23T22:54:42,246,307,295,258,,,idle,0,0,0,0
2026-04-23T22:54:42,246,308,291,236,,,idle,0,0,0,0
2026-04-23T22:54:42,243,307,295,244,,,idle,0,0,0,0
2026-04-23T22:54:42,246,308,300,259,,,idle,0,0,0,0
2026-04-23T22:54:42,243,308,308,296,,,idle,0,0,0,0
2026-04-23T22:54:42,247,308,317,338,,,idle,0,0,0,0
2026-04-23T22:54:43,245,308,319,353,,,idle,0,0,0,0
2026-04-23T22:54:43,247,308,317,350,,,idle,0,0,0,0
2026-04-23T22:54:43,242,309,317,358,,,idle,0,0,0,0
2026-04-23T22:54:43,250,307,316,353,,,idle,0,0,0,0
2026-04-23T22:54:43,242,308,313,343,,,idle,0,0,0,0
2026-04-23T22:54:43,241,308,308,323,,,idle,0,0,0,0
2026-04-23T22:54:43,239,308,305,310,,,idle,0,0,0,0
2026-04-23T22:54:43,242,307,304,302,,,idle,0,0,0,0
2026-04-23T22:54:43,246,308,297,273,,,idle,0,0,0,0
2026-04-23T22:54:43,251,307,292,243,,,idle,0,0,0,0
2026-04-23T22:54:44,238,308,293,240,,,idle,0,0,0,0
2026-04-23T22:54:44,246,308,299,254,,,idle,0,0,0,0
2026-04-23T22:54:44,243,308,304,278,,,idle,0,0,0,0
2026-04-23T22:54:44,242,309,313,320,,,idle,0,0,0,0
2026-04-23T22:54:44,241,306,320,353,,,idle,0,0,0,0
2026-04-23T22:54:44,251,309,318,352,,,idle,0,0,0,0
2026-04-23T22:54:44,239,308,317,354,,,idle,0,0,0,0
2026-04-23T22:54:44,247,308,317,357,,,idle,0,0,0,0
2026-04-23T22:54:44,246,308,314,348,,,idle,0,0,0,0
2026-04-23T22:54:44,239,307,310,333,,,idle,0,0,0,0
2026-04-23T22:54:45,245,307,306,315,,,idle,0,0,0,0
2026-04-23T22:54:45,246,307,304,305,,,idle,0,0,0,0
2026-04-23T22:54:45,243,307,302,289,,,idle,0,0,0,0
2026-04-23T22:54:45,242,308,295,257,,,idle,0,0,0,0
2026-04-23T22:54:45,250,308,292,237,,,idle,0,0,0,0
2026-04-23T22:54:45,239,308,296,245,,,idle,0,0,0,0
2026-04-23T22:54:45,250,308,300,260,,,idle,0,0,0,0
2026-04-23T22:54:45,244,309,307,295,,,idle,0,0,0,0
2026-04-23T22:54:45,235,309,317,337,,,idle,0,0,0,0
2026-04-23T22:54:46,254,308,319,354,,,idle,0,0,0,0
2026-04-23T22:54:46,248,308,316,351,,,idle,0,0,0,0
2026-04-23T22:54:46,254,308,317,356,,,idle,0,0,0,0
2026-04-23T22:54:46,246,308,316,354,,,idle,0,0,0,0
2026-04-23T22:54:46,246,307,313,343,,,idle,0,0,0,0
2026-04-23T22:54:46,246,308,308,324,,,idle,0,0,0,0
2026-04-23T22:54:46,246,307,305,311,,,idle,0,0,0,0
2026-04-23T22:54:46,242,308,304,302,,,idle,0,0,0,0
2026-04-23T22:54:46,242,309,298,276,,,idle,0,0,0,0
2026-04-23T22:54:46,250,307,293,246,,,idle,0,0,0,0
2026-04-23T22:54:47,234,308,293,239,,,idle,0,0,0,0
2026-04-23T22:54:47,242,308,298,252,,,idle,0,0,0,0
2026-04-23T22:54:47,243,308,303,275,,,idle,0,0,0,0
2026-04-23T22:54:47,246,309,312,316,,,idle,0,0,0,0
2026-04-23T22:54:47,246,307,320,353,,,idle,0,0,0,0
2026-04-23T22:54:47,242,308,318,353,,,idle,0,0,0,0
2026-04-23T22:54:47,254,308,317,354,,,idle,0,0,0,0
2026-04-23T22:54:47,266,307,318,359,,,idle,0,0,0,0
2026-04-23T22:54:47,258,308,314,349,,,idle,0,0,0,0
2026-04-23T22:54:47,236,307,311,336,,,idle,0,0,0,0
2026-04-23T22:54:48,239,307,306,316,,,idle,0,0,0,0
2026-04-23T22:54:48,234,308,304,305,,,idle,0,0,0,0
2026-04-23T22:54:48,234,308,301,290,,,idle,0,0,0,0
2026-04-23T22:54:48,230,308,295,257,,,idle,0,0,0,0
2026-04-23T22:54:48,235,308,292,237,,,idle,0,0,0,0
2026-04-23T22:54:48,235,308,296,245,,,idle,0,0,0,0
2026-04-23T22:54:48,235,307,299,260,,,idle,0,0,0,0
2026-04-23T22:54:48,233,308,308,297,,,idle,0,0,0,0
2026-04-23T22:54:48,238,309,317,338,,,idle,0,0,0,0
2026-04-23T22:54:48,235,311,321,355,,,idle,0,0,0,0
2026-04-23T22:54:49,324,308,318,352,,,idle,0,0,0,0
2026-04-23T22:54:49,210,309,317,355,,,passage_only,0,0,0,0
2026-04-23T22:54:49,68,307,315,350,,,idle,0,0,0,0
2026-04-23T22:54:49,2,308,312,341,,,idle,0,0,0,0
2026-04-23T22:54:49,2,302,306,321,,,idle,0,0,0,0
2026-04-23T22:54:49,35,308,305,311,,,idle,0,0,0,0
2026-04-23T22:54:49,298,307,306,311,,,idle,0,0,0,0
2026-04-23T22:54:49,382,309,299,281,,,idle,0,0,0,0
2026-04-23T22:54:49,195,307,291,245,,,passage_only,0,0,0,0
2026-04-23T22:54:49,3,308,290,235,,,idle,0,0,0,0
2026-04-23T22:54:50,289,307,298,252,,,idle,0,0,0,0
2026-04-23T22:54:50,2,308,300,269,,,idle,0,0,0,0
2026-04-23T22:54:50,3,307,310,309,,,idle,0,0,0,0
2026-04-23T22:54:50,191,309,319,351,,,idle,0,0,0,0
2026-04-23T22:54:50,135,308,319,357,,,idle,0,0,0,0
2026-04-23T22:54:50,190,310,318,352,,,idle,0,0,0,0
2026-04-23T22:54:50,250,308,319,361,,,idle,0,0,0,0
2026-04-23T22:54:50,250,308,315,352,,,idle,0,0,0,0
2026-04-23T22:54:50,59,309,311,340,,,idle,0,0,0,0
2026-04-23T22:54:50,4,318,311,320,,,idle,0,0,0,0
2026-04-23T22:54:51,2,307,306,310,,,idle,0,0,0,0
2026-04-23T22:54:51,3,308,304,302,,,idle,0,0,0,0
2026-04-23T22:54:51,3,309,299,273,,,idle,0,0,0,0
2026-04-23T22:54:51,3,308,293,245,,,idle,0,0,0,0
2026-04-23T22:54:51,3,307,292,235,,,idle,0,0,0,0
2026-04-23T22:54:51,2,309,298,246,,,idle,0,0,0,0
2026-04-23T22:54:51,3,306,300,263,,,idle,0,0,0,0
2026-04-23T22:54:51,3,306,309,301,,,idle,0,0,0,0
2026-04-23T22:54:51,3,306,316,340,,,idle,0,0,0,0
2026-04-23T22:54:51,2,307,318,354,,,idle,0,0,0,0
2026-04-23T22:54:52,2,307,316,350,,,idle,0,0,0,0
2026-04-23T22:54:52,2,307,316,355,,,idle,0,0,0,0
2026-04-23T22:54:52,1,308,316,354,,,idle,0,0,0,0
2026-04-23T22:54:52,2,308,313,345,,,idle,0,0,0,0
2026-04-23T22:54:52,5,305,309,328,,,idle,0,0,0,0
2026-04-23T22:54:52,2,305,305,313,,,idle,0,0,0,0
2026-04-23T22:54:52,4,306,304,304,,,idle,0,0,0,0
2026-04-23T22:54:52,55,308,303,294,,,idle,0,0,0,0
2026-04-23T22:54:52,179,307,296,262,,,idle,0,0,0,0
2026-04-23T22:54:52,2,307,290,234,,,idle,0,0,0,0
2026-04-23T22:54:53,2,307,294,240,,,idle,0,0,0,0
2026-04-23T22:54:53,3,307,299,253,,,idle,0,0,0,0
2026-04-23T22:54:53,3,306,304,279,,,idle,0,0,0,0
2026-04-23T22:54:53,2,307,312,320,,,idle,0,0,0,0
2026-04-23T22:54:53,2,307,319,353,,,idle,0,0,0,0
2026-04-23T22:54:53,2,308,317,353,,,idle,0,0,0,0
2026-04-23T22:54:53,3,308,315,350,,,idle,0,0,0,0
2026-04-23T22:54:53,3,307,317,358,,,idle,0,0,0,0
2026-04-23T22:54:53,3,308,315,350,,,idle,0,0,0,0
2026-04-23T22:54:54,4,307,312,342,,,idle,0,0,0,0
2026-04-23T22:54:54,2,307,308,323,,,idle,0,0,0,0
2026-04-23T22:54:54,4,307,305,312,,,idle,0,0,0,0
2026-04-23T22:54:54,3,307,303,303,,,idle,0,0,0,0
2026-04-23T22:54:54,4,307,300,283,,,idle,0,0,0,0
2026-04-23T22:54:54,3,307,294,253,,,idle,0,0,0,0
2026-04-23T22:54:54,56,323,303,246,,,idle,0,0,0,0
2026-04-23T22:54:54,3,308,300,252,,,idle,0,0,0,0
2026-04-23T22:54:54,2,308,302,265,,,idle,0,0,0,0
2026-04-23T22:54:54,2,307,308,296,,,idle,0,0,0,0
2026-04-23T22:54:55,1,308,316,333,,,idle,0,0,0,0
2026-04-23T22:54:55,3,307,319,353,,,idle,0,0,0,0
2026-04-23T22:54:55,3,306,317,352,,,idle,0,0,0,0
2026-04-23T22:54:55,3,307,316,353,,,idle,0,0,0,0
2026-04-23T22:54:55,2,307,316,355,,,idle,0,0,0,0
2026-04-23T22:54:55,2,307,314,347,,,idle,0,0,0,0
2026-04-23T22:54:55,2,308,313,338,,,idle,0,0,0,0
2026-04-23T22:54:55,2,306,307,318,,,idle,0,0,0,0
2026-04-23T22:54:55,2,307,305,308,,,idle,0,0,0,0
2026-04-23T22:54:55,3,306,303,302,,,idle,0,0,0,0
2026-04-23T22:54:56,3,307,298,273,,,idle,0,0,0,0
2026-04-23T22:54:56,3,306,292,246,,,idle,0,0,0,0
2026-04-23T22:54:56,3,307,293,240,,,idle,0,0,0,0
2026-04-23T22:54:56,1,307,297,252,,,idle,0,0,0,0
2026-04-23T22:54:56,2,307,301,267,,,idle,0,0,0,0
2026-04-23T22:54:56,3,307,309,304,,,idle,0,0,0,0
2026-04-23T22:54:56,2,307,316,340,,,idle,0,0,0,0
2026-04-23T22:54:56,2,307,318,352,,,idle,0,0,0,0
2026-04-23T22:54:56,3,307,316,349,,,idle,0,0,0,0
2026-04-23T22:54:56,2,307,316,353,,,idle,0,0,0,0
2026-04-23T22:54:56,2,307,315,353,,,idle,0,0,0,0
2026-04-23T22:54:57,2,307,313,344,,,idle,0,0,0,0
2026-04-23T22:54:57,4,306,310,329,,,idle,0,0,0,0
2026-04-23T22:54:57,3,307,307,315,,,idle,0,0,0,0
2026-04-23T22:54:57,3,306,304,306,,,idle,0,0,0,0
2026-04-23T22:54:57,2,307,303,295,,,idle,0,0,0,0
2026-04-23T22:54:57,89,307,298,266,,,idle,0,0,0,0
2026-04-23T22:54:57,3,306,291,238,,,idle,0,0,0,0
2026-04-23T22:54:57,5,307,294,242,,,idle,0,0,0,0
2026-04-23T22:54:57,2,306,298,254,,,idle,0,0,0,0
2026-04-23T22:54:58,2,307,303,278,,,idle,0,0,0,0
2026-04-23T22:54:58,3,308,312,315,,,idle,0,0,0,0
2026-04-23T22:54:58,3,308,318,351,,,idle,0,0,0,0
2026-04-23T22:54:58,2,306,317,353,,,idle,0,0,0,0
2026-04-23T22:54:58,2,307,315,347,,,idle,0,0,0,0
2026-04-23T22:54:58,2,306,317,356,,,idle,0,0,0,0
2026-04-23T22:54:58,2,307,315,352,,,idle,0,0,0,0
2026-04-23T22:54:58,2,307,313,342,,,idle,0,0,0,0
2026-04-23T22:54:58,2,306,308,323,,,idle,0,0,0,0
2026-04-23T22:54:58,2,307,305,312,,,idle,0,0,0,0
2026-04-23T22:54:59,2,307,304,304,,,idle,0,0,0,0
2026-04-23T22:54:59,2,307,301,287,,,idle,0,0,0,0
2026-04-23T22:54:59,3,307,295,257,,,idle,0,0,0,0
2026-04-23T22:54:59,3,307,292,238,,,idle,0,0,0,0
2026-04-23T22:54:59,2,305,295,245,,,idle,0,0,0,0
2026-04-23T22:54:59,4,308,299,259,,,idle,0,0,0,0
2026-04-23T22:54:59,2,307,305,284,,,idle,0,0,0,0
2026-04-23T22:54:59,4,307,312,322,,,idle,0,0,0,0
2026-04-23T22:54:59,4,307,319,352,,,idle,0,0,0,0
2026-04-23T22:54:59,3,307,317,351,,,idle,0,0,0,0
2026-04-23T22:55:00,3,307,315,350,,,idle,0,0,0,0
2026-04-23T22:55:00,2,308,317,356,,,idle,0,0,0,0
2026-04-23T22:55:00,3,307,314,349,,,idle,0,0,0,0
2026-04-23T22:55:00,2,307,312,341,,,idle,0,0,0,0
2026-04-23T22:55:00,2,307,307,321,,,idle,0,0,0,0
2026-04-23T22:55:00,2,308,306,311,,,idle,0,0,0,0
2026-04-23T22:55:00,3,308,304,303,,,idle,0,0,0,0
2026-04-23T22:55:00,2,307,301,282,,,idle,0,0,0,0
2026-04-23T22:55:00,2,306,294,253,,,idle,0,0,0,0
2026-04-23T22:55:00,4,307,292,239,,,idle,0,0,0,0
2026-04-23T22:55:01,3,307,296,247,,,idle,0,0,0,0
2026-04-23T22:55:01,3,306,299,260,,,idle,0,0,0,0
2026-04-23T22:55:01,3,307,306,291,,,idle,0,0,0,0
2026-04-23T22:55:01,2,306,314,328,,,idle,0,0,0,0
2026-04-23T22:55:01,3,308,319,352,,,idle,0,0,0,0
2026-04-23T22:55:01,3,307,317,351,,,idle,0,0,0,0
2026-04-23T22:55:01,4,306,315,351,,,idle,0,0,0,0
2026-04-23T22:55:01,3,307,316,356,,,idle,0,0,0,0
2026-04-23T22:55:01,2,308,314,348,,,idle,0,0,0,0
2026-04-23T22:55:01,2,308,312,339,,,idle,0,0,0,0
2026-04-23T22:55:02,2,307,307,319,,,idle,0,0,0,0
2026-04-23T22:55:02,3,307,305,310,,,idle,0,0,0,0
2026-04-23T22:55:02,3,307,303,302,,,idle,0,0,0,0
2026-04-23T22:55:02,3,306,298,277,,,idle,0,0,0,0
2026-04-23T22:55:02,2,307,293,249,,,idle,0,0,0,0
2026-04-23T22:55:02,2,306,292,239,,,idle,0,0,0,0
2026-04-23T22:55:02,2,308,297,250,,,idle,0,0,0,0
2026-04-23T22:55:02,2,307,300,263,,,idle,0,0,0,0
2026-04-23T22:55:02,3,307,307,295,,,idle,0,0,0,0
2026-04-23T22:55:02,2,308,316,333,,,idle,0,0,0,0
2026-04-23T22:55:03,2,306,318,352,,,idle,0,0,0,0
2026-04-23T22:55:03,4,308,317,351,,,idle,0,0,0,0
2026-04-23T22:55:03,2,308,315,352,,,idle,0,0,0,0
2026-04-23T22:55:03,4,306,316,355,,,idle,0,0,0,0
2026-04-23T22:55:03,3,307,313,346,,,idle,0,0,0,0
2026-04-23T22:55:03,3,307,311,337,,,idle,0,0,0,0
2026-04-23T22:55:03,1,307,307,317,,,idle,0,0,0,0
2026-04-23T22:55:03,3,308,305,308,,,idle,0,0,0,0
2026-04-23T22:55:03,3,307,303,302,,,idle,0,0,0,0
2026-04-23T22:55:04,3,307,298,275,,,idle,0,0,0,0
2026-04-23T22:55:04,2,307,293,248,,,idle,0,0,0,0
2026-04-23T22:55:04,1,307,293,240,,,idle,0,0,0,0
2026-04-23T22:55:04,2,307,297,250,,,idle,0,0,0,0
2026-04-23T22:55:04,2,307,301,264,,,idle,0,0,0,0
2026-04-23T22:55:04,2,306,308,298,,,idle,0,0,0,0
2026-04-23T22:55:04,2,307,315,335,,,idle,0,0,0,0
2026-04-23T22:55:04,2,308,318,352,,,idle,0,0,0,0
2026-04-23T22:55:04,3,308,316,350,,,idle,0,0,0,0
2026-04-23T22:55:04,3,307,315,352,,,idle,0,0,0,0
2026-04-23T22:55:05,4,306,316,354,,,idle,0,0,0,0
2026-04-23T22:55:05,3,307,314,346,,,idle,0,0,0,0
2026-04-23T22:55:05,3,307,311,337,,,idle,0,0,0,0
2026-04-23T22:55:05,3,307,306,317,,,idle,0,0,0,0
2026-04-23T22:55:05,2,308,304,308,,,idle,0,0,0,0
2026-04-23T22:55:05,2,305,303,302,,,idle,0,0,0,0
2026-04-23T22:55:05,1,307,298,273,,,idle,0,0,0,0
2026-04-23T22:55:05,3,307,293,246,,,idle,0,0,0,0
2026-04-23T22:55:05,2,307,293,239,,,idle,0,0,0,0
2026-04-23T22:55:05,2,307,297,251,,,idle,0,0,0,0
2026-04-23T22:55:06,2,308,301,267,,,idle,0,0,0,0
2026-04-23T22:55:06,2,307,308,301,,,idle,0,0,0,0
2026-04-23T22:55:06,2,308,315,337,,,idle,0,0,0,0
2026-04-23T22:55:06,2,307,318,352,,,idle,0,0,0,0
2026-04-23T22:55:06,2,306,316,349,,,idle,0,0,0,0
2026-04-23T22:55:06,3,307,316,351,,,idle,0,0,0,0
2026-04-23T22:55:06,3,307,316,354,,,idle,0,0,0,0
2026-04-23T22:55:06,3,307,313,346,,,idle,0,0,0,0
2026-04-23T22:55:06,3,307,311,335,,,idle,0,0,0,0
2026-04-23T22:55:06,3,307,307,317,,,idle,0,0,0,0
2026-04-23T22:55:07,3,306,305,308,,,idle,0,0,0,0
2026-04-23T22:55:07,129,308,304,303,,,idle,0,0,0,0
2026-04-23T22:55:07,3,307,297,273,,,idle,0,0,0,0
2026-04-23T22:55:07,3,308,293,246,,,idle,0,0,0,0
2026-04-23T22:55:07,2,307,294,241,,,idle,0,0,0,0
2026-04-23T22:55:07,3,306,298,252,,,idle,0,0,0,0
2026-04-23T22:55:07,4,307,300,265,,,idle,0,0,0,0
2026-04-23T22:55:07,3,306,307,298,,,idle,0,0,0,0
2026-04-23T22:55:07,2,307,315,335,,,idle,0,0,0,0
2026-04-23T22:55:07,2,307,318,353,,,idle,0,0,0,0
2026-04-23T22:55:08,3,307,315,350,,,idle,0,0,0,0
2026-04-23T22:55:08,4,308,316,352,,,idle,0,0,0,0
2026-04-23T22:55:08,3,307,316,354,,,idle,0,0,0,0
2026-04-23T22:55:08,2,307,313,347,,,idle,0,0,0,0
2026-04-23T22:55:08,3,308,312,338,,,idle,0,0,0,0
2026-04-23T22:55:08,2,306,306,320,,,idle,0,0,0,0
2026-04-23T22:55:08,2,308,305,309,,,idle,0,0,0,0
2026-04-23T22:55:08,2,306,303,303,,,idle,0,0,0,0
2026-04-23T22:55:08,485,309,304,288,,,idle,0,0,0,0
2026-04-23T22:55:08,1,307,290,247,,,passage_only,0,0,0,0
2026-04-23T22:55:09,4,307,291,236,,,idle,0,0,0,0
2026-04-23T22:55:09,2,306,295,247,,,idle,0,0,0,0
2026-04-23T22:55:09,2,307,300,261,,,idle,0,0,0,0
2026-04-23T22:55:09,3,306,306,291,,,idle,0,0,0,0
2026-04-23T22:55:09,3,307,314,330,,,idle,0,0,0,0
2026-04-23T22:55:09,2,307,319,355,,,idle,0,0,0,0
2026-04-23T22:55:09,4,307,316,353,,,idle,0,0,0,0
2026-04-23T22:55:09,2,307,314,350,,,idle,0,0,0,0
2026-04-23T22:55:09,1,307,316,357,,,idle,0,0,0,0
2026-04-23T22:55:09,3,307,315,349,,,idle,0,0,0,0
2026-04-23T22:55:10,3,307,312,340,,,idle,0,0,0,0
2026-04-23T22:55:10,3,307,308,321,,,idle,0,0,0,0
2026-04-23T22:55:10,3,306,305,311,,,idle,0,0,0,0
2026-04-23T22:55:10,2,307,304,303,,,idle,0,0,0,0
2026-04-23T22:55:10,2,307,302,288,,,idle,0,0,0,0
2026-04-23T22:55:10,3,306,295,258,,,idle,0,0,0,0
2026-04-23T22:55:10,3,306,293,238,,,idle,0,0,0,0
2026-04-23T22:55:10,3,307,296,245,,,idle,0,0,0,0
2026-04-23T22:55:10,3,307,299,257,,,idle,0,0,0,0
2026-04-23T22:55:10,2,307,304,281,,,idle,0,0,0,0
2026-04-23T22:55:11,3,308,311,317,,,idle,0,0,0,0
2026-04-23T22:55:11,3,307,318,351,,,idle,0,0,0,0
2026-04-23T22:55:11,4,308,317,353,,,idle,0,0,0,0
2026-04-23T22:55:11,2,307,315,348,,,idle,0,0,0,0
2026-04-23T22:55:11,3,307,315,353,,,idle,0,0,0,0
2026-04-23T22:55:11,4,308,315,352,,,idle,0,0,0,0
2026-04-23T22:55:11,3,307,312,343,,,idle,0,0,0,0
2026-04-23T22:55:11,2,308,310,328,,,idle,0,0,0,0
2026-04-23T22:55:11,2,306,306,313,,,idle,0,0,0,0
2026-04-23T22:55:11,3,307,305,306,,,idle,0,0,0,0
2026-04-23T22:55:12,2,306,304,300,,,idle,0,0,0,0
2026-04-23T22:55:12,3,308,299,271,,,idle,0,0,0,0
2026-04-23T22:55:12,3,306,294,247,,,idle,0,0,0,0
2026-04-23T22:55:12,3,307,293,241,,,idle,0,0,0,0
2026-04-23T22:55:12,2,307,297,252,,,idle,0,0,0,0
2026-04-23T22:55:12,1,306,300,266,,,idle,0,0,0,0
2026-04-23T22:55:12,2,307,308,298,,,idle,0,0,0,0
2026-04-23T22:55:12,2,307,315,333,,,idle,0,0,0,0
2026-04-23T22:55:12,2,307,318,353,,,idle,0,0,0,0
2026-04-23T22:55:12,167,306,318,353,,,idle,0,0,0,0
2026-04-23T22:55:13,2,308,314,350,,,idle,0,0,0,0
2026-04-23T22:55:13,2,307,316,355,,,idle,0,0,0,0
2026-04-23T22:55:13,2,307,313,347,,,idle,0,0,0,0
2026-04-23T22:55:13,2,307,312,338,,,idle,0,0,0,0
2026-04-23T22:55:13,2,307,307,320,,,idle,0,0,0,0
2026-04-23T22:55:13,3,307,306,310,,,idle,0,0,0,0
2026-04-23T22:55:13,2,307,304,303,,,idle,0,0,0,0
2026-04-23T22:55:13,2,308,301,287,,,idle,0,0,0,0
2026-04-23T22:55:13,3,308,296,259,,,idle,0,0,0,0
2026-04-23T22:55:13,2,308,293,240,,,idle,0,0,0,0
2026-04-23T22:55:14,2,307,296,246,,,idle,0,0,0,0
2026-04-23T22:55:14,1,307,299,258,,,idle,0,0,0,0
2026-04-23T22:55:14,3,306,303,280,,,idle,0,0,0,0
2026-04-23T22:55:14,3,307,311,314,,,idle,0,0,0,0
2026-04-23T22:55:14,2,307,317,347,,,idle,0,0,0,0
2026-04-23T22:55:14,3,307,317,353,,,idle,0,0,0,0
2026-04-23T22:55:14,475,308,319,355,,,idle,0,0,0,0
2026-04-23T22:55:14,2,308,314,352,,,passage_only,0,0,0,0
2026-04-23T22:55:14,2,306,314,351,,,idle,0,0,0,0
2026-04-23T22:55:14,2,307,312,343,,,idle,0,0,0,0
2026-04-23T22:55:15,2,307,311,332,,,idle,0,0,0,0
2026-04-23T22:55:15,1,306,307,315,,,idle,0,0,0,0
2026-04-23T22:55:15,3,307,305,307,,,idle,0,0,0,0
2026-04-23T22:55:15,3,306,304,301,,,idle,0,0,0,0
2026-04-23T22:55:15,3,306,298,276,,,idle,0,0,0,0
2026-04-23T22:55:15,2,307,294,250,,,idle,0,0,0,0
2026-04-23T22:55:15,3,307,293,240,,,idle,0,0,0,0
2026-04-23T22:55:15,3,307,297,250,,,idle,0,0,0,0
2026-04-23T22:55:15,3,307,300,263,,,idle,0,0,0,0
2026-04-23T22:55:15,485,309,311,298,,,idle,0,0,0,0
2026-04-23T22:55:16,2,307,311,326,,,passage_only,0,0,0,0
2026-04-23T22:55:16,3,308,316,351,,,idle,0,0,0,0
2026-04-23T22:55:16,2,307,316,350,,,idle,0,0,0,0
2026-04-23T22:55:16,1,307,315,347,,,idle,0,0,0,0
2026-04-23T22:55:16,2,306,316,354,,,idle,0,0,0,0
2026-04-23T22:55:16,3,307,315,349,,,idle,0,0,0,0
2026-04-23T22:55:16,3,306,313,340,,,idle,0,0,0,0
2026-04-23T22:55:16,2,307,309,323,,,idle,0,0,0,0
2026-04-23T22:55:16,2,307,306,312,,,idle,0,0,0,0
2026-04-23T22:55:17,3,308,305,305,,,idle,0,0,0,0
2026-04-23T22:55:17,2,308,303,296,,,idle,0,0,0,0
2026-04-23T22:55:17,2,306,297,267,,,idle,0,0,0,0
2026-04-23T22:55:17,2,306,293,244,,,idle,0,0,0,0
2026-04-23T22:55:17,3,306,294,242,,,idle,0,0,0,0
2026-04-23T22:55:17,2,308,298,254,,,idle,0,0,0,0
2026-04-23T22:55:17,471,309,306,276,,,idle,0,0,0,0
2026-04-23T22:55:17,2,307,305,300,,,passage_only,0,0,0,0
2026-04-23T22:55:17,3,306,314,335,,,idle,0,0,0,0
2026-04-23T22:55:17,3,307,317,351,,,idle,0,0,0,0
2026-04-23T22:55:18,3,307,316,349,,,idle,0,0,0,0
2026-04-23T22:55:18,3,306,315,350,,,idle,0,0,0,0
2026-04-23T22:55:18,3,307,316,354,,,idle,0,0,0,0
2026-04-23T22:55:18,2,307,313,346,,,idle,0,0,0,0
2026-04-23T22:55:18,2,308,311,338,,,idle,0,0,0,0
2026-04-23T22:55:18,1,307,307,320,,,idle,0,0,0,0
2026-04-23T22:55:18,3,307,305,310,,,idle,0,0,0,0
2026-04-23T22:55:18,3,306,303,302,,,idle,0,0,0,0
2026-04-23T22:55:18,2,306,301,287,,,idle,0,0,0,0
2026-04-23T22:55:18,148,308,297,262,,,idle,0,0,0,0
2026-04-23T22:55:19,328,308,294,242,,,idle,0,0,0,0
2026-04-23T22:55:19,3,307,293,242,,,passage_only,0,0,0,0
2026-04-23T22:55:19,1,306,299,256,,,idle,0,0,0,0
2026-04-23T22:55:19,3,307,304,280,,,idle,0,0,0,0
2026-04-23T22:55:19,2,307,311,316,,,idle,0,0,0,0
2026-04-23T22:55:19,3,306,316,348,,,idle,0,0,0,0
2026-04-23T22:55:19,3,307,316,352,,,idle,0,0,0,0
2026-04-23T22:55:19,2,307,314,348,,,idle,0,0,0,0
2026-04-23T22:55:19,3,307,316,352,,,idle,0,0,0,0
2026-04-23T22:55:19,2,307,315,350,,,idle,0,0,0,0
2026-04-23T22:55:20,4,307,313,342,,,idle,0,0,0,0
2026-04-23T22:55:20,2,306,310,332,,,idle,0,0,0,0
2026-04-23T22:55:20,3,307,306,315,,,idle,0,0,0,0
2026-04-23T22:55:20,3,307,304,307,,,idle,0,0,0,0
2026-04-23T22:55:20,2,308,304,302,,,idle,0,0,0,0
2026-04-23T22:55:20,3,308,298,275,,,idle,0,0,0,0
2026-04-23T22:55:20,4,307,295,250,,,idle,0,0,0,0
2026-04-23T22:55:20,1,306,293,240,,,idle,0,0,0,0
2026-04-23T22:55:20,3,307,297,248,,,idle,0,0,0,0
2026-04-23T22:55:20,2,308,300,263,,,idle,0,0,0,0
2026-04-23T22:55:21,2,308,305,288,,,idle,0,0,0,0
2026-04-23T22:55:21,2,308,312,323,,,idle,0,0,0,0
2026-04-23T22:55:21,1,307,317,353,,,idle,0,0,0,0
2026-04-23T22:55:21,2,308,317,352,,,idle,0,0,0,0
2026-04-23T22:55:21,3,307,315,347,,,idle,0,0,0,0
2026-04-23T22:55:21,3,306,316,353,,,idle,0,0,0,0
2026-04-23T22:55:21,4,306,315,350,,,idle,0,0,0,0
2026-04-23T22:55:21,1,306,312,342,,,idle,0,0,0,0
2026-04-23T22:55:21,370,309,313,333,,,idle,0,0,0,0
2026-04-23T22:55:22,2,306,304,311,,,passage_only,0,0,0,0
2026-04-23T22:55:22,2,307,304,304,,,idle,0,0,0,0
2026-04-23T22:55:22,2,307,303,299,,,idle,0,0,0,0
2026-04-23T22:55:22,2,307,298,271,,,idle,0,0,0,0
2026-04-23T22:55:22,3,307,293,247,,,idle,0,0,0,0
2026-04-23T22:55:22,2,305,293,240,,,idle,0,0,0,0
2026-04-23T22:55:22,3,307,297,252,,,idle,0,0,0,0
2026-04-23T22:55:22,4,306,301,265,,,idle,0,0,0,0
2026-04-23T22:55:22,3,308,308,296,,,idle,0,0,0,0
2026-04-23T22:55:22,4,306,314,331,,,idle,0,0,0,0
2026-04-23T22:55:23,2,307,318,354,,,idle,0,0,0,0
2026-04-23T22:55:23,3,308,316,351,,,idle,0,0,0,0
2026-04-23T22:55:23,3,307,314,348,,,idle,0,0,0,0
2026-04-23T22:55:23,3,307,316,355,,,idle,0,0,0,0
2026-04-23T22:55:23,3,307,314,349,,,idle,0,0,0,0
2026-04-23T22:55:23,3,308,312,340,,,idle,0,0,0,0
2026-04-23T22:55:23,18,307,309,323,,,idle,0,0,0,0
2026-04-23T22:55:23,2,307,305,311,,,idle,0,0,0,0
2026-04-23T22:55:23,2,306,304,304,,,idle,0,0,0,0
2026-04-23T22:55:23,3,307,302,293,,,idle,0,0,0,0
2026-04-23T22:55:24,3,307,297,265,,,idle,0,0,0,0
2026-04-23T22:55:24,2,307,293,244,,,idle,0,0,0,0
2026-04-23T22:55:24,3,307,294,243,,,idle,0,0,0,0
2026-04-23T22:55:24,4,307,299,255,,,idle,0,0,0,0
2026-04-23T22:55:24,2,307,301,269,,,idle,0,0,0,0
2026-04-23T22:55:24,3,306,308,302,,,idle,0,0,0,0
2026-04-23T22:55:24,2,307,315,336,,,idle,0,0,0,0
2026-04-23T22:55:24,313,308,322,359,,,idle,0,0,0,0
2026-04-23T22:55:24,2,307,315,350,,,passage_only,0,0,0,0
2026-04-23T22:55:24,3,307,315,351,,,idle,0,0,0,0
2026-04-23T22:55:25,3,306,315,354,,,idle,0,0,0,0
2026-04-23T22:55:25,2,307,313,347,,,idle,0,0,0,0
2026-04-23T22:55:25,2,307,311,338,,,idle,0,0,0,0
2026-04-23T22:55:25,3,307,308,320,,,idle,0,0,0,0
2026-04-23T22:55:25,2,307,306,310,,,idle,0,0,0,0
2026-04-23T22:55:25,3,307,304,303,,,idle,0,0,0,0
2026-04-23T22:55:25,3,306,302,289,,,idle,0,0,0,0
2026-04-23T22:55:25,3,306,296,262,,,idle,0,0,0,0
2026-04-23T22:55:25,2,307,293,242,,,idle,0,0,0,0
2026-04-23T22:55:25,2,307,294,245,,,idle,0,0,0,0
2026-04-23T22:55:26,309,308,301,261,,,idle,0,0,0,0
2026-04-23T22:55:26,3,306,301,274,,,passage_only,0,0,0,0
2026-04-23T22:55:26,3,307,309,308,,,idle,0,0,0,0
2026-04-23T22:55:26,3,307,316,341,,,idle,0,0,0,0
2026-04-23T22:55:26,2,307,317,352,,,idle,0,0,0,0
2026-04-23T22:55:26,4,307,315,349,,,idle,0,0,0,0
2026-04-23T22:55:26,4,307,315,351,,,idle,0,0,0,0
2026-04-23T22:55:26,4,307,316,353,,,idle,0,0,0,0
2026-04-23T22:55:26,4,306,313,345,,,idle,0,0,0,0
2026-04-23T22:55:26,3,307,311,337,,,idle,0,0,0,0
2026-04-23T22:55:27,2,307,308,320,,,idle,0,0,0,0
2026-04-23T22:55:27,2,307,305,310,,,idle,0,0,0,0
2026-04-23T22:55:27,3,307,304,303,,,idle,0,0,0,0
2026-04-23T22:55:27,2,307,301,288,,,idle,0,0,0,0
2026-04-23T22:55:27,3,307,296,260,,,idle,0,0,0,0
2026-04-23T22:55:27,3,305,293,241,,,idle,0,0,0,0
2026-04-23T22:55:27,2,307,295,244,,,idle,0,0,0,0
2026-04-23T22:55:27,3,306,299,257,,,idle,0,0,0,0
2026-04-23T22:55:27,3,307,302,275,,,idle,0,0,0,0
2026-04-23T22:55:27,1,307,309,307,,,idle,0,0,0,0
2026-04-23T22:55:28,2,308,316,339,,,idle,0,0,0,0
2026-04-23T22:55:28,3,307,318,353,,,idle,0,0,0,0
2026-04-23T22:55:28,4,307,315,349,,,idle,0,0,0,0
2026-04-23T22:55:28,4,307,315,350,,,idle,0,0,0,0
2026-04-23T22:55:28,3,306,316,354,,,idle,0,0,0,0
2026-04-23T22:55:28,2,307,313,346,,,idle,0,0,0,0
2026-04-23T22:55:28,1,307,311,337,,,idle,0,0,0,0
2026-04-23T22:55:28,2,307,308,319,,,idle,0,0,0,0
2026-04-23T22:55:28,3,307,305,309,,,idle,0,0,0,0
2026-04-23T22:55:29,2,307,304,302,,,idle,0,0,0,0
2026-04-23T22:55:29,3,306,302,289,,,idle,0,0,0,0
2026-04-23T22:55:29,3,307,297,261,,,idle,0,0,0,0
2026-04-23T22:55:29,2,308,294,242,,,idle,0,0,0,0
2026-04-23T22:55:29,3,308,295,244,,,idle,0,0,0,0
2026-04-23T22:55:29,2,307,299,256,,,idle,0,0,0,0
2026-04-23T22:55:29,1,306,302,273,,,idle,0,0,0,0
2026-04-23T22:55:29,3,307,309,308,,,idle,0,0,0,0
2026-04-23T22:55:29,3,307,316,340,,,idle,0,0,0,0
2026-04-23T22:55:29,3,307,317,353,,,idle,0,0,0,0
2026-04-23T22:55:29,1,308,316,350,,,idle,0,0,0,0
2026-04-23T22:55:30,3,307,315,351,,,idle,0,0,0,0
2026-04-23T22:55:30,2,307,316,354,,,idle,0,0,0,0
2026-04-23T22:55:30,3,306,313,345,,,idle,0,0,0,0
2026-04-23T22:55:30,2,307,311,338,,,idle,0,0,0,0
2026-04-23T22:55:30,2,306,307,319,,,idle,0,0,0,0
2026-04-23T22:55:30,2,307,305,310,,,idle,0,0,0,0
2026-04-23T22:55:30,2,307,304,302,,,idle,0,0,0,0
2026-04-23T22:55:30,2,308,302,288,,,idle,0,0,0,0
2026-04-23T22:55:30,3,306,297,260,,,idle,0,0,0,0
2026-04-23T22:55:30,3,307,293,240,,,idle,0,0,0,0
2026-04-23T22:55:31,3,307,295,245,,,idle,0,0,0,0
2026-04-23T22:55:31,4,306,299,257,,,idle,0,0,0,0
2026-04-23T22:55:31,2,308,303,276,,,idle,0,0,0,0
2026-04-23T22:55:31,2,307,310,309,,,idle,0,0,0,0
2026-04-23T22:55:31,3,306,316,342,,,idle,0,0,0,0
2026-04-23T22:55:31,2,305,317,353,,,idle,0,0,0,0
2026-04-23T22:55:31,3,307,316,349,,,idle,0,0,0,0
2026-04-23T22:55:31,2,308,315,351,,,idle,0,0,0,0
2026-04-23T22:55:31,3,307,316,354,,,idle,0,0,0,0
2026-04-23T22:55:31,1,307,313,346,,,idle,0,0,0,0
2026-04-23T22:55:32,2,307,312,338,,,idle,0,0,0,0
2026-04-23T22:55:32,1,307,308,320,,,idle,0,0,0,0
2026-04-23T22:55:32,2,306,306,311,,,idle,0,0,0,0
2026-04-23T22:55:32,3,307,304,302,,,idle,0,0,0,0
2026-04-23T22:55:32,2,308,301,287,,,idle,0,0,0,0
2026-04-23T22:55:32,4,306,295,259,,,idle,0,0,0,0
2026-04-23T22:55:32,3,308,293,240,,,idle,0,0,0,0
2026-04-23T22:55:32,2,307,295,244,,,idle,0,0,0,0
2026-04-23T22:55:32,3,307,299,256,,,idle,0,0,0,0
2026-04-23T22:55:32,3,306,303,275,,,idle,0,0,0,0
2026-04-23T22:55:33,2,307,310,308,,,idle,0,0,0,0
2026-04-23T22:55:33,4,306,316,342,,,idle,0,0,0,0
2026-04-23T22:55:33,3,307,317,354,,,idle,0,0,0,0
2026-04-23T22:55:33,2,307,315,350,,,idle,0,0,0,0
2026-04-23T22:55:33,2,308,316,354,,,idle,0,0,0,0
2026-04-23T22:55:33,3,307,316,355,,,idle,0,0,0,0
2026-04-23T22:55:33,2,308,313,346,,,idle,0,0,0,0
2026-04-23T22:55:33,2,307,312,338,,,idle,0,0,0,0
2026-04-23T22:55:33,3,306,307,319,,,idle,0,0,0,0
2026-04-23T22:55:33,3,307,305,309,,,idle,0,0,0,0
2026-04-23T22:55:34,3,308,303,302,,,idle,0,0,0,0
2026-04-23T22:55:34,2,307,301,284,,,idle,0,0,0,0
2026-04-23T22:55:34,3,307,295,257,,,idle,0,0,0,0
2026-04-23T22:55:34,2,307,293,239,,,idle,0,0,0,0
2026-04-23T22:55:34,2,306,295,244,,,idle,0,0,0,0
2026-04-23T22:55:34,4,307,298,256,,,idle,0,0,0,0
2026-04-23T22:55:34,4,307,303,279,,,idle,0,0,0,0
2026-04-23T22:55:34,2,307,311,314,,,idle,0,0,0,0
2026-04-23T22:55:34,2,307,316,346,,,idle,0,0,0,0
2026-04-23T22:55:35,2,308,317,354,,,idle,0,0,0,0
2026-04-23T22:55:35,2,306,316,350,,,idle,0,0,0,0
2026-04-23T22:55:35,4,307,315,352,,,idle,0,0,0,0
2026-04-23T22:55:35,3,307,317,354,,,idle,0,0,0,0
2026-04-23T22:55:35,2,307,313,346,,,idle,0,0,0,0
2026-04-23T22:55:35,2,307,311,337,,,idle,0,0,0,0
2026-04-23T22:55:35,3,307,307,318,,,idle,0,0,0,0
2026-04-23T22:55:35,4,307,305,309,,,idle,0,0,0,0
2026-04-23T22:55:35,2,307,304,302,,,idle,0,0,0,0
2026-04-23T22:55:35,3,307,301,282,,,idle,0,0,0,0
2026-04-23T22:55:36,2,307,295,255,,,idle,0,0,0,0
2026-04-23T22:55:36,3,307,292,238,,,idle,0,0,0,0
2026-04-23T22:55:36,2,307,296,245,,,idle,0,0,0,0
2026-04-23T22:55:36,2,307,299,258,,,idle,0,0,0,0
2026-04-23T22:55:36,3,308,304,280,,,idle,0,0,0,0
2026-04-23T22:55:36,2,307,311,314,,,idle,0,0,0,0
2026-04-23T22:55:36,2,306,317,347,,,idle,0,0,0,0
2026-04-23T22:55:36,2,307,318,354,,,idle,0,0,0,0
2026-04-23T22:55:36,2,307,316,349,,,idle,0,0,0,0
2026-04-23T22:55:37,4,308,315,352,,,idle,0,0,0,0
2026-04-23T22:55:37,3,307,315,353,,,idle,0,0,0,0
2026-04-23T22:55:37,3,307,313,345,,,idle,0,0,0,0
2026-04-23T22:55:37,2,307,311,337,,,idle,0,0,0,0
2026-04-23T22:55:37,2,307,307,318,,,idle,0,0,0,0
2026-04-23T22:55:37,4,307,305,309,,,idle,0,0,0,0
2026-04-23T22:55:37,3,307,304,301,,,idle,0,0,0,0
2026-04-23T22:55:37,3,306,300,283,,,idle,0,0,0,0
2026-04-23T22:55:37,2,307,295,255,,,idle,0,0,0,0
2026-04-23T22:55:37,1,308,292,238,,,idle,0,0,0,0
2026-04-23T22:55:37,1,307,295,244,,,idle,0,0,0,0
2026-04-23T22:55:38,3,307,299,258,,,idle,0,0,0,0
2026-04-23T22:55:38,2,307,303,278,,,idle,0,0,0,0
2026-04-23T22:55:38,3,307,310,311,,,idle,0,0,0,0
2026-04-23T22:55:38,3,308,317,345,,,idle,0,0,0,0
2026-04-23T22:55:38,2,307,317,354,,,idle,0,0,0,0
2026-04-23T22:55:38,2,308,315,350,,,idle,0,0,0,0
2026-04-23T22:55:38,2,308,315,352,,,idle,0,0,0,0
2026-04-23T22:55:38,3,307,316,355,,,idle,0,0,0,0
2026-04-23T22:55:38,2,306,314,346,,,idle,0,0,0,0
2026-04-23T22:55:39,3,307,312,338,,,idle,0,0,0,0
2026-04-23T22:55:39,2,307,307,319,,,idle,0,0,0,0
2026-04-23T22:55:39,2,307,305,310,,,idle,0,0,0,0
2026-04-23T22:55:39,2,307,304,302,,,idle,0,0,0,0
2026-04-23T22:55:39,2,306,302,287,,,idle,0,0,0,0
2026-04-23T22:55:39,4,306,296,259,,,idle,0,0,0,0
2026-04-23T22:55:39,2,307,292,239,,,idle,0,0,0,0
2026-04-23T22:55:39,2,306,295,243,,,idle,0,0,0,0
2026-04-23T22:55:39,3,308,299,256,,,idle,0,0,0,0
2026-04-23T22:55:39,1,306,302,274,,,idle,0,0,0,0
2026-04-23T22:55:40,3,307,309,307,,,idle,0,0,0,0
2026-04-23T22:55:40,4,307,316,340,,,idle,0,0,0,0
2026-04-23T22:55:40,3,307,319,354,,,idle,0,0,0,0
2026-04-23T22:55:40,3,307,316,352,,,idle,0,0,0,0
2026-04-23T22:55:40,3,306,315,352,,,idle,0,0,0,0
2026-04-23T22:55:40,3,307,316,356,,,idle,0,0,0,0
2026-04-23T22:55:40,2,307,314,348,,,idle,0,0,0,0
2026-04-23T22:55:40,3,308,312,340,,,idle,0,0,0,0
2026-04-23T22:55:40,2,307,308,321,,,idle,0,0,0,0
2026-04-23T22:55:40,2,307,306,312,,,idle,0,0,0,0
2026-04-23T22:55:41,4,307,304,304,,,idle,0,0,0,0
2026-04-23T22:55:41,4,306,303,291,,,idle,0,0,0,0
2026-04-23T22:55:41,3,306,297,263,,,idle,0,0,0,0
2026-04-23T22:55:41,2,307,293,241,,,idle,0,0,0,0
2026-04-23T22:55:41,2,307,294,241,,,idle,0,0,0,0
2026-04-23T22:55:41,1,307,297,253,,,idle,0,0,0,0
2026-04-23T22:55:41,2,307,301,268,,,idle,0,0,0,0
2026-04-23T22:55:41,3,307,308,302,,,idle,0,0,0,0
2026-04-23T22:55:41,3,307,316,336,,,idle,0,0,0,0
2026-04-23T22:55:41,2,308,318,353,,,idle,0,0,0,0
2026-04-23T22:55:41,4,307,315,351,,,idle,0,0,0,0
2026-04-23T22:55:42,3,307,314,350,,,idle,0,0,0,0
2026-04-23T22:55:42,2,307,315,356,,,idle,0,0,0,0
2026-04-23T22:55:42,1,308,314,349,,,idle,0,0,0,0
2026-04-23T22:55:42,4,306,311,339,,,idle,0,0,0,0
2026-04-23T22:55:42,2,307,307,321,,,idle,0,0,0,0
2026-04-23T22:55:42,3,307,306,311,,,idle,0,0,0,0
2026-04-23T22:55:42,2,306,304,303,,,idle,0,0,0,0
2026-04-23T22:55:42,3,305,302,291,,,idle,0,0,0,0
2026-04-23T22:55:42,3,308,297,263,,,idle,0,0,0,0
2026-04-23T22:55:43,2,307,293,241,,,idle,0,0,0,0
2026-04-23T22:55:43,2,308,294,241,,,idle,0,0,0,0
2026-04-23T22:55:43,4,307,298,253,,,idle,0,0,0,0
2026-04-23T22:55:43,2,307,302,270,,,idle,0,0,0,0
2026-04-23T22:55:43,3,307,308,303,,,idle,0,0,0,0
2026-04-23T22:55:43,2,307,316,338,,,idle,0,0,0,0
2026-04-23T22:55:43,2,307,318,354,,,idle,0,0,0,0
2026-04-23T22:55:43,3,307,316,352,,,idle,0,0,0,0
2026-04-23T22:55:43,1,306,315,352,,,idle,0,0,0,0
2026-04-23T22:55:43,3,307,316,356,,,idle,0,0,0,0
2026-04-23T22:55:44,3,307,314,348,,,idle,0,0,0,0
2026-04-23T22:55:44,2,306,312,340,,,idle,0,0,0,0
2026-04-23T22:55:44,3,307,308,322,,,idle,0,0,0,0
2026-04-23T22:55:44,3,308,306,312,,,idle,0,0,0,0
2026-04-23T22:55:44,3,307,305,304,,,idle,0,0,0,0
2026-04-23T22:55:44,3,307,302,290,,,idle,0,0,0,0
2026-04-23T22:55:44,2,307,297,261,,,idle,0,0,0,0
2026-04-23T22:55:44,2,307,292,240,,,idle,0,0,0,0
2026-04-23T22:55:44,3,307,295,242,,,idle,0,0,0,0
2026-04-23T22:55:44,1,307,298,253,,,idle,0,0,0,0
2026-04-23T22:55:45,3,308,302,270,,,idle,0,0,0,0
2026-04-23T22:55:45,2,308,309,304,,,idle,0,0,0,0
2026-04-23T22:55:45,3,307,316,338,,,idle,0,0,0,0
2026-04-23T22:55:45,2,307,318,354,,,idle,0,0,0,0
2026-04-23T22:55:45,2,307,316,352,,,idle,0,0,0,0
2026-04-23T22:55:45,3,307,315,352,,,idle,0,0,0,0
2026-04-23T22:55:45,2,307,316,356,,,idle,0,0,0,0
2026-04-23T22:55:45,2,306,313,349,,,idle,0,0,0,0
2026-04-23T22:55:45,3,307,312,340,,,idle,0,0,0,0
2026-04-23T22:55:45,2,308,309,322,,,idle,0,0,0,0
2026-04-23T22:55:46,3,307,306,312,,,idle,0,0,0,0
2026-04-23T22:55:46,2,307,304,304,,,idle,0,0,0,0
2026-04-23T22:55:46,2,307,303,291,,,idle,0,0,0,0
2026-04-23T22:55:46,4,307,296,264,,,idle,0,0,0,0
2026-04-23T22:55:46,2,307,293,241,,,idle,0,0,0,0
2026-04-23T22:55:46,4,306,294,241,,,idle,0,0,0,0
2026-04-23T22:55:46,1,307,298,252,,,idle,0,0,0,0
2026-04-23T22:55:46,3,306,301,266,,,idle,0,0,0,0
2026-04-23T22:55:46,2,306,307,299,,,idle,0,0,0,0
2026-04-23T22:55:46,3,308,315,333,,,idle,0,0,0,0
2026-04-23T22:55:47,2,307,318,354,,,idle,0,0,0,0
2026-04-23T22:55:47,3,307,316,351,,,idle,0,0,0,0
2026-04-23T22:55:47,2,307,314,349,,,idle,0,0,0,0
2026-04-23T22:55:47,2,308,316,356,,,idle,0,0,0,0
2026-04-23T22:55:47,2,307,314,350,,,idle,0,0,0,0
2026-04-23T22:55:47,2,307,312,341,,,idle,0,0,0,0
2026-04-23T22:55:47,3,306,310,326,,,idle,0,0,0,0
2026-04-23T22:55:47,2,308,307,314,,,idle,0,0,0,0
2026-04-23T22:55:47,2,307,305,306,,,idle,0,0,0,0
2026-04-23T22:55:47,2,307,304,301,,,idle,0,0,0,0
2026-04-23T22:55:48,3,307,298,276,,,idle,0,0,0,0
2026-04-23T22:55:48,2,306,294,249,,,idle,0,0,0,0
2026-04-23T22:55:48,2,307,293,238,,,idle,0,0,0,0
2026-04-23T22:55:48,3,307,296,248,,,idle,0,0,0,0
2026-04-23T22:55:48,1,307,300,259,,,idle,0,0,0,0
2026-04-23T22:55:48,2,306,304,283,,,idle,0,0,0,0
2026-04-23T22:55:48,4,307,311,317,,,idle,0,0,0,0
2026-04-23T22:55:48,2,307,316,348,,,idle,0,0,0,0
2026-04-23T22:55:48,3,307,317,352,,,idle,0,0,0,0
2026-04-23T22:55:49,2,308,315,349,,,idle,0,0,0,0
2026-04-23T22:55:49,2,308,315,351,,,idle,0,0,0,0
2026-04-23T22:55:49,2,307,316,354,,,idle,0,0,0,0
2026-04-23T22:55:49,3,306,313,346,,,idle,0,0,0,0
2026-04-23T22:55:49,3,306,311,338,,,idle,0,0,0,0
2026-04-23T22:55:49,2,307,307,319,,,idle,0,0,0,0
2026-04-23T22:55:49,3,307,304,306,,,idle,0,0,0,0
2026-04-23T22:55:49,2,306,303,301,,,idle,0,0,0,0
2026-04-23T22:55:49,2,307,303,293,,,idle,0,0,0,0
2026-04-23T22:55:49,3,307,297,266,,,idle,0,0,0,0
2026-04-23T22:55:49,2,306,294,244,,,idle,0,0,0,0
2026-04-23T22:55:50,3,307,294,242,,,idle,0,0,0,0
2026-04-23T22:55:50,2,306,298,253,,,idle,0,0,0,0
2026-04-23T22:55:50,3,306,301,265,,,idle,0,0,0,0
2026-04-23T22:55:50,3,307,306,293,,,idle,0,0,0,0
2026-04-23T22:55:50,3,307,313,327,,,idle,0,0,0,0
2026-04-23T22:55:50,2,307,318,354,,,idle,0,0,0,0
2026-04-23T22:55:50,2,308,316,352,,,idle,0,0,0,0
2026-04-23T22:55:50,3,307,315,348,,,idle,0,0,0,0
2026-04-23T22:55:50,3,306,316,352,,,idle,0,0,0,0
2026-04-23T22:55:51,4,307,314,351,,,idle,0,0,0,0
2026-04-23T22:55:51,3,306,313,343,,,idle,0,0,0,0
2026-04-23T22:55:51,2,307,311,335,,,idle,0,0,0,0
2026-04-23T22:55:51,3,308,307,318,,,idle,0,0,0,0
2026-04-23T22:55:51,2,307,306,309,,,idle,0,0,0,0
2026-04-23T22:55:51,3,307,304,302,,,idle,0,0,0,0
2026-04-23T22:55:51,3,307,301,286,,,idle,0,0,0,0
2026-04-23T22:55:51,3,306,296,260,,,idle,0,0,0,0
2026-04-23T22:55:51,3,307,293,241,,,idle,0,0,0,0
2026-04-23T22:55:51,2,307,295,244,,,idle,0,0,0,0
2026-04-23T22:55:52,2,307,298,255,,,idle,0,0,0,0
2026-04-23T22:55:52,2,307,301,269,,,idle,0,0,0,0
2026-04-23T22:55:52,3,306,308,299,,,idle,0,0,0,0
2026-04-23T22:55:52,2,306,314,332,,,idle,0,0,0,0
2026-04-23T22:55:52,3,306,318,353,,,idle,0,0,0,0
2026-04-23T22:55:52,3,306,316,351,,,idle,0,0,0,0
2026-04-23T22:55:52,3,307,313,346,,,idle,0,0,0,0
2026-04-23T22:55:52,2,307,316,353,,,idle,0,0,0,0
2026-04-23T22:55:52,3,308,315,349,,,idle,0,0,0,0
2026-04-23T22:55:52,3,307,313,342,,,idle,0,0,0,0
2026-04-23T22:55:53,3,307,311,332,,,idle,0,0,0,0
2026-04-23T22:55:53,3,307,306,316,,,idle,0,0,0,0
